First Name,Last Name,Username,User Agent,Employer,Email,Street,City,State,Postal Code,Country,Orders,Order Amount
Zoé,Martin,eac0ad91-de62-4b1d-b58d-f62fd5c8263b,"Mozilla/5.0 (Macintosh; Intel Mac OS X 10_9_2) AppleWebKit/537.36 (KHTML, like Gecko) Chrome/36.0.1944.0 Safari/537.36",Aubry LLC,céline53@hotmail.fr,Niels Estates,Parmentier furt,Kansas,62800-3191,BO,152,358201.5901504179
Victor,Parmentier,b3092ba3-66a0-4439-93e4-7194e2be495a,Opera/9.80 (Windows NT 6.0) Presto/2.12.388 Version/12.14,Ferry and Urbain Group,victor_ipsum@orange.fr,Héloïse Stream,Barbier fort,Florida,24067,LU,16,182521.96755143578
Amandine,Rollin,0b09e58a-3108-428b-abd2-fe9861156cda,Opera/9.80 (Windows NT 6.0) Presto/2.12.388 Version/12.14,Niels and Kléber Group,ingrid_praesentium@outlook.fr,Amandine Route,East François Ogier bury,North Carolina,15346,CO,174,45538.877817453475
Amandine,Walliand,fa4f0906-bf32-4e37-a043-0f8334805f07,Opera/9.80 (Windows NT 6.0) Presto/2.12.388 Version/12.14,Truchot and Sons,gerard_deserunt@sfr.fr,Ferry Brook,Vergez fort,Wyoming,67623,UM,20,42037.78354796528
Xavier,Dupond,7824099b-a0d4-4a5d-8660-fd032b577326,"Mozilla/5.0 (Linux; U; Android 4.0.3; ko-kr; LG-L160L Build/IML74K) AppleWebkit/534.30 (KHTML, like Gecko) Version/4.0 Mobile Safari/534.30",Aubry and Urbain Group,jérémie_ipsam@hotmail.fr,Léopold Passage,East Nicolas Geneau chester,Texas,37250-5926,MZ,128,90109.36647708622
Héloïse,Walliand,31ca2bc0-9a7a-4994-a7da-835489c2e4f7,"Mozilla/5.0 (Windows; U; Windows NT 6.0; en-US) AppleWebKit/533.20.25 (KHTML, like Gecko) Version/5.0.4 Safari/533.20.27",Quesada and Barbier and Sons,elodie_sit@free.fr,Ugo Plains,Régis fort,New York,67556,PA,59,464169.55898384994
Thierry,Truchot,eeacc9f4-97c6-4892-a5c9-3f7d717f7430,"Mozilla/5.0 (Macintosh; Intel Mac OS X 10_9_2) AppleWebKit/537.36 (KHTML, like Gecko) Chrome/36.0.1944.0 Safari/537.36",Barbier Inc,héloïse_eius@orange.fr,Aubry Circles,Sablonnière stad,Illinois,11393-4907,GB,112,648847.701610574
Karim,Hénaut,48e40621-6d6d-479a-9c99-c53b513458b0,Mozilla/5.0 (Windows NT 6.1; WOW64; rv:40.0) Gecko/20100101 Firefox/40.1,Quesada and Sons,gerard_laudantium@laposte.fr,Lombard Curve,South Salomé Quesada ton,Minnesota,50972,FI,89,524376.5729853658
Nicolas,Geneau,22d31aca-5164-4a0e-b332-6097c6c33f5a,"Mozilla/5.0 (iPad; CPU OS 5_1 like Mac OS X) AppleWebKit/534.46 (KHTML, like Gecko ) Version/5.1 Mobile/9B176 Safari/7534.48.3",Niels and Cannet and Sons,océane_et@outlook.fr,Yann Skyway,Gerard ville,South Dakota,73722-0620,LI,116,653054.9959543297
Gerard,Aubry,243a792a-03e6-416a-b61e-709a9c08b7d3,Mozilla/5.0 (compatible; MSIE 8.0; Windows NT 5.1; Trident/4.0; .NET CLR 1.1.4322; .NET CLR 2.0.50727),Lombard Group,thierry_nobis@orange.fr,Léopold Estate,Ugo fort,Kansas,83683,CD,60,819532.1995818878
Jérémie,Urbain,06a46c9a-9712-4f5d-a1f7-084606547ae5,"Mozilla/5.0 (Windows NT 10.0; Win64; x64) AppleWebKit/537.36 (KHTML, like Gecko) Chrome/42.0.2311.135 Safari/537.36 Edge/12.246",Yvars Group,léopold_est@sfr.fr,Quentin Hollow,Évrat mouth,Mississippi,41553,SK,21,889593.0486401846
François,Niels,834d7b96-1c24-4d06-897a-4855f86d9de8,"Mozilla/5.0 (Macintosh; Intel Mac OS X 10_9_2) AppleWebKit/537.36 (KHTML, like Gecko) Chrome/36.0.1944.0 Safari/537.36",Vergez and Sons,martine_neque@hotmail.fr,Jérémie Alley,New Héloïse Rollin fort,Hawaii,61671-2655,TC,179,900219.8362817097
Nicolas,Xharde,a7acc8ab-adb7-48a3-9f7d-cd7248ccb63c,"Mozilla/5.0 (Windows NT 10.0; Win64; x64) AppleWebKit/537.36 (KHTML, like Gecko) Chrome/42.0.2311.135 Safari/537.36 Edge/12.246",Ivanov and Sons,xavier_quia@sfr.fr,Héloïse Underpass,Urbain furt,Connecticut,97429-8460,BJ,128,71323.21504606765
Océane,Parmentier,f9c480d9-b727-4b78-8014-3dd89bdb4b5e,Opera/9.80 (Macintosh; Intel Mac OS X 10.6.8; U; fr) Presto/2.9.168 Version/11.52,Évrat and Xharde Inc,héloïse_et@hotmail.fr,Barbier Circles,William land,Delaware,80914-0649,AG,136,448470.02241290035
Gerard,Walliand,7e7f8875-3f22-4581-95ee-89575b2fc3c4,Mozilla/5.0 (Windows NT 6.1; WOW64; rv:40.0) Gecko/20100101 Firefox/40.1,Ferry Inc,yann_labore@sfr.fr,Céline Drives,Léopold view,Wisconsin,13511-8454,EH,10,705747.9133147974
Yann,Urbain,3cbca851-ba5e-4079-9f47-c8bed882bf5a,Opera/9.80 (Windows NT 6.0) Presto/2.12.388 Version/12.14,Ferry and Aubry Inc,jérémie_eum@hotmail.fr,Ogier Key,Ivanov stad,New Hampshire,77840,KY,172,224254.13413861528
William,Walliand,4be44e48-a84d-4454-8877-7b822e34edd4,Opera/9.80 (X11; Linux i686; U; es-ES) Presto/2.8.131 Version/11.11,Hénaut LLC,zoé_natus@laposte.fr,Rollin Gateway,Hénaut side,Missouri,42477-4545,AM,132,114268.34579433697
Damien,Cannet,f8150914-ab5b-44df-be82-859d03d19d64,Mozilla/5.0 (X11; OpenBSD amd64; rv:28.0) Gecko/20100101 Firefox/28.0,Martin Inc,gerard_perspiciatis@hotmail.fr,Ingrid Pass,Parmentier town,Tennessee,41912-8778,IO,27,436467.3032136259
Zoé,Évrat,561084db-a41b-4eee-9ee9-928b99d7420c,"Mozilla/5.0 (iPad; CPU OS 5_1 like Mac OS X) AppleWebKit/534.46 (KHTML, like Gecko ) Version/5.1 Mobile/9B176 Safari/7534.48.3",Sablonnière and Sons,océane_facilis@laposte.fr,Walliand Mews,Quesada chester,Texas,35300-2754,AI,79,826635.9377973338
Quentin,Hénaut,b3b5cd1a-539b-48de-b889-8e348630e32b,"Mozilla/5.0 (Windows NT 6.1) AppleWebKit/537.36 (KHTML, like Gecko) Chrome/41.0.2228.0 Safari/537.36",Yvars LLC,jérémie_doloremque@sfr.fr,Truchot Parkways,Janel berg,Utah,30826-5930,CN,70,197563.26355131605
Salomé,Rollin,997e4479-16be-4b35-8815-145ed0124365,Mozilla/5.0 (Macintosh; Intel Mac OS X 10_10; rv:33.0) Gecko/20100101 Firefox/33.0,Janel and Barbier Inc,jérémie_est@orange.fr,Ugo Pine,Cannet ton,South Dakota,60614-6171,SS,168,260990.53303755837
François,Cannet,4908cd85-f62d-40ce-b8ad-6be78e2397fc,"Mozilla/5.0 (X11; Linux x86_64) AppleWebKit/537.36 (KHTML, like Gecko) Chrome/33.0.1750.517 Safari/537.36",Urbain and Sons,thierry_ad@free.fr,Martin Mission,Aubry ton,Georgia,36954,BR,153,166730.50496234198
Salomé,Ivanov,f28c9334-4b5d-4a23-beac-e5cc4ed775ef,"Mozilla/5.0 (Windows NT 6.1) AppleWebKit/537.36 (KHTML, like Gecko) Chrome/41.0.2228.0 Safari/537.36",Ivanov and Niels Inc,xavier_beatae@orange.fr,Quentin Crest,Océane burgh,Mississippi,43527,UZ,97,286001.6988390615
Amandine,Parmentier,20212e6e-8cb4-4f21-be1a-619ca98bad0b,"Mozilla/5.0 (Windows NT 6.1) AppleWebKit/537.36 (KHTML, like Gecko) Chrome/41.0.2228.0 Safari/537.36",Quesada LLC,salomé_provident@free.fr,Léopold Pines,Janel ville,Wyoming,75772-3511,LV,57,162202.77795371518
Ugo,Rollin,f2012500-1518-426e-bc57-cc658f2bb1d6,"Mozilla/5.0 (Windows; U; Windows NT 6.0; en-US) AppleWebKit/533.20.25 (KHTML, like Gecko) Version/5.0.4 Safari/533.20.27",Truchot Group,damien_ea@orange.fr,Océane Mountain,Céline chester,Colorado,94783-1319,CU,153,313895.6601173548
Victor,Dupond,de943f66-5d99-4933-afba-e510ee095e55,Mozilla/5.0 (Windows NT 6.1; WOW64; Trident/7.0; AS; rv:11.0) like Gecko,Zola and Ogier and Sons,béatrice_esse@free.fr,Elodie Radial,New Régis Ferry chester,New Mexico,13696-1715,BZ,64,480593.85389977985
Xavier,Zola,ee8c475d-278b-4874-a448-4807725dfb07,Opera/9.80 (Macintosh; Intel Mac OS X 10.6.8; U; fr) Presto/2.9.168 Version/11.52,Truchot and Zola Group,yann_unde@free.fr,Hénaut Islands,Quesada town,Washington,25657-6620,FJ,191,585879.4773348181
Quentin,Niels,299168ca-9d03-46de-a283-4ac4335b50db,"Mozilla/5.0 (Linux; U; Android 2.3; en-us) AppleWebKit/999+ (KHTML, like Gecko) Safari/999.9",Ogier and Sons,pascal_repellendus@sfr.fr,Barbier Glens,Lake Jérémie Rollin borough,Louisiana,36744-1286,LR,126,452611.7136209669
William,Niels,afc41173-f9cf-4340-b41e-3d0c06e22f7b,"Mozilla/5.0 (Windows; U; Windows NT 6.0; en-US) AppleWebKit/533.20.25 (KHTML, like Gecko) Version/5.0.4 Safari/533.20.27",Yvars and Geneau Inc,quentin_cum@laposte.fr,Quentin Dam,Yvars chester,North Carolina,88852-9399,VA,193,964221.8416852279
Victor,Zola,a55c67d4-2236-4b01-a21e-a5b6e732e7fe,"Mozilla/5.0 (X11; Linux x86_64) AppleWebKit/537.36 (KHTML, like Gecko) Chrome/33.0.1750.517 Safari/537.36",Lombard Group,ugo_porro@outlook.fr,William Tunnel,Ferry mouth,Idaho,91257-6467,RO,12,946306.8150403717
François,Xharde,46617156-fe26-49d9-9f2a-17f21884685d,Mozilla/5.0 (X11; OpenBSD amd64; rv:28.0) Gecko/20100101 Firefox/28.0,Quesada and Geneau LLC,yann_quaerat@orange.fr,Héloïse Locks,West Amandine Sablonnière burgh,Pennsylvania,75326-3508,MU,146,447642.91443083424
Héloïse,Lombard,a488330b-0e5f-451f-b10e-1aa7d6c6ddfb,Mozilla/5.0 (compatible; MSIE 8.0; Windows NT 5.1; Trident/4.0; .NET CLR 1.1.4322; .NET CLR 2.0.50727),Hénaut and Sablonnière LLC,françois_quo@free.fr,Walliand Bridge,Geneau town,Delaware,72470,CN,189,260645.12983180932
Océane,Ogier,8b090725-f5b2-46d2-98e2-3d8996de3dd4,"Mozilla/5.0 (Windows NT 10.0; Win64; x64) AppleWebKit/537.36 (KHTML, like Gecko) Chrome/42.0.2311.135 Safari/537.36 Edge/12.246",Urbain LLC,léopold_ducimus@outlook.fr,Walliand Inlet,South Salomé Parmentier burgh,Ohio,68661,KE,73,912176.6378817378
Céline,Barbier,7e1ce805-dfa0-40d2-9c0c-76b81c4e997b,"Mozilla/5.0 (iPad; CPU OS 5_1 like Mac OS X) AppleWebKit/534.46 (KHTML, like Gecko ) Version/5.1 Mobile/9B176 Safari/7534.48.3",Ferry Group,françois_error@sfr.fr,Cannet Harbors,Geneau view,Alabama,77569,IM,0,316890.2256542785
Jérémie,Ogier,b7e4213f-088b-4400-9e93-dc6ec0af1294,"Mozilla/5.0 (iPad; CPU OS 5_1 like Mac OS X) AppleWebKit/534.46 (KHTML, like Gecko ) Version/5.1 Mobile/9B176 Safari/7534.48.3",Sablonnière LLC,martine_est@hotmail.fr,François Ville,South Héloïse Yvars view,North Carolina,16848,EE,33,480184.5884709013
Léopold,Aubry,f886e47a-87d4-46a4-8db9-830407539419,Mozilla/5.0 (Macintosh; Intel Mac OS X 10_10; rv:33.0) Gecko/20100101 Firefox/33.0,Sablonnière and Ferry Group,william_est@orange.fr,Amandine Hill,Dupond fort,Wisconsin,03919,SI,182,801263.7361222897
Xavier,Truchot,3675ba9d-4585-4235-ac33-133715de87de,Opera/9.80 (X11; Linux i686; U; es-ES) Presto/2.8.131 Version/11.11,Cannet Group,océane_sint@free.fr,Dupond Inlet,Victor haven,Washington,68465,ZM,196,495807.90053617174
Ugo,Vergez,3b84628a-dc8b-445d-ad05-1f4c49264da8,"Mozilla/5.0 (iPad; CPU OS 5_1 like Mac OS X) AppleWebKit/534.46 (KHTML, like Gecko ) Version/5.1 Mobile/9B176 Safari/7534.48.3",Martin and Martin LLC,amandine_excepturi@laposte.fr,Walliand Crossroad,Kléber ton,Indiana,07446-6140,UY,88,874298.9927910321
Quentin,Évrat,7b305f81-4ef9-4bf7-a4ae-c1c297a8e0d4,Opera/9.80 (X11; Linux i686; U; es-ES) Presto/2.8.131 Version/11.11,Zola and Dupond Group,damien_sed@sfr.fr,William Passage,Thierry stad,Maryland,70370,CA,83,572757.2812341735
Elodie,Xharde,0d586b5d-c2e8-4435-833f-81f6623bb628,Mozilla/5.0 (compatible; MSIE 8.0; Windows NT 5.1; Trident/4.0; .NET CLR 1.1.4322; .NET CLR 2.0.50727),Janel and Lombard LLC,zoé_ut@outlook.fr,Kléber Trail,Dupond furt,Alaska,84088-7625,ER,79,715282.2743857466
Karim,Yvars,a9a25dff-0773-4f08-a543-182dccd5dece,"Mozilla/5.0 (iPhone; U; CPU iPhone OS 4_2_1 like Mac OS X; nb-no) AppleWebKit/533.17.9 (KHTML, like Gecko) Version/5.0.2 Mobile/8C148a Safari/6533.18.5",Lombard and Quesada LLC,xavier_saepe@outlook.fr,Geneau Radial,Walliand bury,Iowa,67155-3769,PE,115,594718.5858447095
Thierry,Barbier,60f6524f-980d-4c5b-80bb-4dd5f7e74e59,Mozilla/5.0 (Windows NT 6.1; WOW64; rv:40.0) Gecko/20100101 Firefox/40.1,Truchot and Barbier LLC,régis226@free.fr,Ugo Station,New Héloïse Geneau bury,Texas,16720,DK,53,211441.22234500083
Victor,Évrat,2a70f917-0165-4916-86f8-08fd39959fa1,"Mozilla/5.0 (Windows; U; Windows NT 6.0; en-US) AppleWebKit/533.20.25 (KHTML, like Gecko) Version/5.0.4 Safari/533.20.27",Cannet and Sons,salomé_in@hotmail.fr,Amandine Rapid,Janel land,Delaware,18145,SG,90,211914.3760101292
Océane,Xharde,e1d434c0-cf9d-4882-a18d-b5d3de165f06,"Mozilla/5.0 (Linux; U; Android 4.0.3; ko-kr; LG-L160L Build/IML74K) AppleWebkit/534.30 (KHTML, like Gecko) Version/4.0 Mobile Safari/534.30",Quesada Inc,régis_exercitationem@hotmail.fr,Quesada Tunnel,Quesada side,Ohio,13730-1209,PH,11,188558.20560050395
Karim,Janel,f860816c-43cb-483b-8f15-f201a14a0890,Mozilla/5.0 (X11; OpenBSD amd64; rv:28.0) Gecko/20100101 Firefox/28.0,Truchot and Ferry LLC,pascal_earum@outlook.fr,Truchot Forest,New Régis Geneau land,New Hampshire,43813-5386,YT,24,447143.05852421577
Elodie,Zola,59e86cbf-7610-4122-9ce1-6d8cf68725cc,"Mozilla/5.0 (Macintosh; Intel Mac OS X 10_9_3) AppleWebKit/537.75.14 (KHTML, like Gecko) Version/7.0.3 Safari/7046A194A",Lombard LLC,victor_soluta@laposte.fr,Parmentier Harbors,Ingrid mouth,Wisconsin,15461-8409,SX,34,713272.642223794
Quentin,Quesada,02cb1915-7204-4e43-b2b5-2ddb21d0f48f,Opera/9.80 (X11; Linux i686; U; es-ES) Presto/2.8.131 Version/11.11,Ivanov Group,zoé_quod@sfr.fr,Yvars Path,Rollin town,West Virginia,54305-2578,AX,32,947430.1365781415
Zoé,Geneau,387c5393-9a0a-44b6-899e-5b4ece4b79c9,"Mozilla/5.0 (Linux; U; Android 2.3; en-us) AppleWebKit/999+ (KHTML, like Gecko) Safari/999.9",Vergez and Hénaut and Sons,régis_sit@laposte.fr,Ingrid Orchard,Océane view,Michigan,12577,IT,67,694048.067074289
Ugo,Truchot,20847e38-440b-4946-80fd-b6eee286ceea,Mozilla/5.0 (compatible; MSIE 8.0; Windows NT 5.1; Trident/4.0; .NET CLR 1.1.4322; .NET CLR 2.0.50727),Niels and Sons,béatrice_quia@sfr.fr,Lombard Pike,Quentin stad,Tennessee,50792-8648,QA,18,861122.1147038061
Zoé,Ogier,9d104079-8e7f-422d-b431-62a78d14e1f0,Mozilla/5.0 (Windows NT 6.1; WOW64; Trident/7.0; AS; rv:11.0) like Gecko,Zola Inc,céline_dolorem@orange.fr,François Mountain,Héloïse fort,Maryland,65685,TG,136,769361.2821522822
Salomé,Urbain,f24b55bc-315a-40f8-ac2c-d1a96eab7cc6,Opera/9.80 (Macintosh; Intel Mac OS X 10.6.8; U; fr) Presto/2.9.168 Version/11.52,Cannet and Rollin and Sons,zoé_rerum@orange.fr,Lombard Alley,Béatrice stad,Kansas,07681-7534,AX,172,196471.7909540492
Salomé,Urbain,3c973335-262d-4d13-863b-941283af5a7d,"Mozilla/5.0 (Linux; U; Android 4.0.3; ko-kr; LG-L160L Build/IML74K) AppleWebkit/534.30 (KHTML, like Gecko) Version/4.0 Mobile Safari/534.30",Lombard Inc,gerard_recusandae@laposte.fr,Lombard Ville,West Céline Rollin chester,Hawaii,10148-2584,AL,156,119362.74572526639
Béatrice,Ogier,8ebb1806-bfcd-4979-8841-6f32da444fef,"Mozilla/5.0 (Windows NT 10.0; Win64; x64) AppleWebKit/537.36 (KHTML, like Gecko) Chrome/42.0.2311.135 Safari/537.36 Edge/12.246",Truchot Inc,karim_beatae@sfr.fr,Xharde Shoals,Évrat haven,South Dakota,66391,SD,191,458542.5013041986
Jérémie,Zola,5bc53c4e-a4a2-4767-a912-ef401eb9a174,Opera/9.80 (Macintosh; Intel Mac OS X 10.6.8; U; fr) Presto/2.9.168 Version/11.52,Janel and Kléber and Sons,salomé_facere@sfr.fr,Walliand Valley,Parmentier mouth,South Carolina,23037,SJ,1,677776.948720616
Héloïse,Ivanov,f8052b8f-4337-43a7-baef-f72780cd7918,"Mozilla/5.0 (Windows NT 6.1) AppleWebKit/537.36 (KHTML, like Gecko) Chrome/41.0.2228.0 Safari/537.36",Niels and Cannet and Sons,zoé_provident@free.fr,Béatrice Pike,Lake Martine Hénaut haven,Missouri,65075,BQ,151,656542.5505262319
Elodie,Dupond,bfc33782-e7a6-40f1-ad3d-3aa32b1e2662,"Mozilla/5.0 (Windows NT 10.0; Win64; x64) AppleWebKit/537.36 (KHTML, like Gecko) Chrome/42.0.2311.135 Safari/537.36 Edge/12.246",Martin LLC,nicolas_quia@free.fr,Jérémie Drives,Kléber chester,Wisconsin,14702-3294,EE,19,83944.17168825075
Victor,Cannet,6ad154d7-ce62-4655-a912-9d5b6632bb19,Mozilla/5.0 (Windows NT 6.1; WOW64; Trident/7.0; AS; rv:11.0) like Gecko,Évrat and Sons,jérémie_veniam@free.fr,Yann Views,Kléber bury,California,83624-0264,MD,78,560435.4321217617
Jérémie,Dupond,c94f8608-3cb5-4a1e-8648-7a0b2871fa5c,Opera/9.80 (X11; Linux i686; U; es-ES) Presto/2.8.131 Version/11.11,Yvars Group,damien_est@hotmail.fr,Kléber Rapids,New Pascal Hénaut haven,California,31976,CN,173,621371.0454025882
Ingrid,Parmentier,fdf89a27-05bb-4843-98f0-cd1caf69057f,Mozilla/5.0 (X11; OpenBSD amd64; rv:28.0) Gecko/20100101 Firefox/28.0,Évrat and Sons,héloïse_porro@orange.fr,Kléber Parks,Sablonnière berg,Alabama,94845,AS,146,143054.7337770114
Ugo,Zola,942bbb2c-364e-425e-829e-28c52b6afd91,"Mozilla/5.0 (Windows NT 10.0; Win64; x64) AppleWebKit/537.36 (KHTML, like Gecko) Chrome/42.0.2311.135 Safari/537.36 Edge/12.246",Niels and Sons,yann_fuga@hotmail.fr,Damien Square,Quesada mouth,Maryland,87820,VN,101,141774.19635621534
Quentin,Xharde,0f3d9fdb-39e7-414d-9243-8d9acdb88514,"Mozilla/5.0 (Linux; U; Android 4.0.3; ko-kr; LG-L160L Build/IML74K) AppleWebkit/534.30 (KHTML, like Gecko) Version/4.0 Mobile Safari/534.30",Niels and Yvars and Sons,béatrice_iste@hotmail.fr,Damien Union,Martin haven,Oklahoma,73471-6566,CM,85,719784.6951509379
Léopold,Ivanov,bb84f84e-9c68-41df-a456-97e004b6cd55,Mozilla/5.0 (Windows NT 6.1; WOW64; rv:40.0) Gecko/20100101 Firefox/40.1,Vergez and Zola LLC,quentin_dolor@laposte.fr,Ugo Lake,Ogier furt,Arkansas,81707-6696,TH,24,89200.93797118223
Zoé,Évrat,0bfa61fd-d623-4380-a1f0-085811eadc7b,"Mozilla/5.0 (iPad; CPU OS 5_1 like Mac OS X) AppleWebKit/534.46 (KHTML, like Gecko ) Version/5.1 Mobile/9B176 Safari/7534.48.3",Urbain and Lombard LLC,françois_eos@laposte.fr,Zoé Highway,Ogier bury,North Dakota,05876,LC,69,981832.6069186472
Nicolas,Évrat,ed280cf2-2a4b-435d-93fd-4f110903e5ad,Mozilla/5.0 (Windows; U; MSIE 9.0; WIndows NT 9.0; en-US)),Kléber Group,victor_voluptate@sfr.fr,Hénaut Knolls,Salomé berg,Illinois,50503-3001,BI,110,563147.6592762221
William,Ferry,3bb023dd-b706-4e7f-ba14-cc87d8b781be,"Mozilla/5.0 (Linux; U; Android 4.0.3; ko-kr; LG-L160L Build/IML74K) AppleWebkit/534.30 (KHTML, like Gecko) Version/4.0 Mobile Safari/534.30",Geneau and Ogier Inc,héloïse_aliquam@hotmail.fr,Dupond Throughway,Damien ville,New Hampshire,40669,CF,159,102485.89227384652
François,Geneau,2c8547f7-2535-4fd5-9989-574789f4c35e,"Mozilla/5.0 (X11; Linux x86_64) AppleWebKit/537.36 (KHTML, like Gecko) Chrome/33.0.1750.517 Safari/537.36",Évrat and Vergez LLC,gerard_nostrum@orange.fr,William Coves,Héloïse chester,Virginia,11807,IE,1,386486.21128969896
Nicolas,Walliand,b421b06c-f258-4cf8-9a80-2c64ea4f413b,"Mozilla/5.0 (Linux; U; Android 2.3; en-us) AppleWebKit/999+ (KHTML, like Gecko) Safari/999.9",Truchot Inc,ingrid_nisi@laposte.fr,Ingrid Brook,Ugo mouth,Ohio,71487-1987,GN,96,108226.99992209439
Ingrid,Martin,7bc54120-20b8-42bb-870c-e760825b6741,"Mozilla/5.0 (iPad; CPU OS 5_1 like Mac OS X) AppleWebKit/534.46 (KHTML, like Gecko ) Version/5.1 Mobile/9B176 Safari/7534.48.3",Martin and Urbain LLC,yann_asperiores@outlook.fr,Sablonnière Hill,Port Yann Martin mouth,Utah,10048-7973,BM,184,914618.8152455237
Ugo,Kléber,f73e7c5b-7c8c-44c6-be4d-bb647e29ddb5,Mozilla/5.0 (Windows NT 6.1; WOW64; Trident/7.0; AS; rv:11.0) like Gecko,Ferry and Kléber and Sons,céline_rem@outlook.fr,Léopold Lock,Parmentier chester,Georgia,10473,PK,178,872387.5879886643
Yann,Walliand,6a9e1a36-712a-477d-8eec-17b1abc2f2fc,"Mozilla/5.0 (Linux; U; Android 4.0.3; ko-kr; LG-L160L Build/IML74K) AppleWebkit/534.30 (KHTML, like Gecko) Version/4.0 Mobile Safari/534.30",Geneau and Sons,ugo_ipsa@orange.fr,Damien Bridge,Port William Dupond mouth,Oklahoma,98928-4931,GE,105,818609.909514133
Quentin,Barbier,e2ffded5-7030-4c3f-b4a5-cad8ffa3cd62,Mozilla/5.0 (X11; OpenBSD amd64; rv:28.0) Gecko/20100101 Firefox/28.0,Walliand and Sons,régis_ipsa@orange.fr,Zola Throughway,Cannet borough,South Carolina,19327-9672,VI,95,94986.28952588883
Martine,Ferry,fc648c4c-7df6-424e-995b-81bf70d75011,Mozilla/5.0 (Windows NT 6.1; WOW64; rv:40.0) Gecko/20100101 Firefox/40.1,Évrat and Ferry Inc,yann_quisquam@orange.fr,Salomé Radial,Vergez ville,Missouri,08791-8323,SV,115,838930.9479729492
Léopold,Urbain,3b638860-0644-489b-b2e8-0bee86e7e4f1,"Mozilla/5.0 (Linux; U; Android 4.0.3; ko-kr; LG-L160L Build/IML74K) AppleWebkit/534.30 (KHTML, like Gecko) Version/4.0 Mobile Safari/534.30",Geneau and Sons,quentin_voluptatem@laposte.fr,Cannet Views,Vergez shire,Missouri,79690,DM,196,489043.26369725546
Xavier,Niels,552b14e2-f7b8-480b-afdc-ce3c3f7fa263,Mozilla/5.0 (Windows NT 6.1; WOW64; rv:40.0) Gecko/20100101 Firefox/40.1,Évrat Inc,céline_harum@hotmail.fr,Parmentier Prairie,North Gerard Yvars furt,Michigan,50180-5873,MC,54,748217.8504951382
Pascal,Cannet,06d87048-9858-48ea-b5ed-bcea19fff172,"Mozilla/5.0 (iPhone; U; CPU iPhone OS 4_2_1 like Mac OS X; nb-no) AppleWebKit/533.17.9 (KHTML, like Gecko) Version/5.0.2 Mobile/8C148a Safari/6533.18.5",Cannet Group,martine_deleniti@laposte.fr,Thierry Motorway,Martin port,Colorado,28688,MX,39,896499.4177794785
Héloïse,Ogier,60e776ee-b3f2-4896-a66e-72182f860d11,"Mozilla/5.0 (Macintosh; Intel Mac OS X 10_9_3) AppleWebKit/537.75.14 (KHTML, like Gecko) Version/7.0.3 Safari/7046A194A",Niels and Rollin Group,xavier_vero@hotmail.fr,Martin Ports,North Pascal Rollin bury,Maryland,02294-9986,RS,85,164583.68480059016
Céline,Sablonnière,31e26fed-4325-48d9-a684-998a01d26d81,"Mozilla/5.0 (Macintosh; Intel Mac OS X 10_9_2) AppleWebKit/537.36 (KHTML, like Gecko) Chrome/36.0.1944.0 Safari/537.36",Niels and Sons,thierry_eum@sfr.fr,Sablonnière Gardens,Salomé fort,Nevada,50048,BI,146,224422.41648779303
Océane,Walliand,65ec832a-5c8c-4e5a-84ac-96e3e4c40a9b,"Mozilla/5.0 (Linux; U; Android 4.0.3; ko-kr; LG-L160L Build/IML74K) AppleWebkit/534.30 (KHTML, like Gecko) Version/4.0 Mobile Safari/534.30",Niels and Lombard Inc,céline_aut@hotmail.fr,Thierry Squares,Sablonnière port,South Carolina,14895-9490,YT,20,112685.44980878859
Zoé,Yvars,2344cd61-4c63-4e28-9e5d-c960c8316732,Mozilla/5.0 (X11; OpenBSD amd64; rv:28.0) Gecko/20100101 Firefox/28.0,Janel Inc,karim_enim@free.fr,Thierry Inlet,New Amandine Barbier port,Pennsylvania,50512-9134,SD,113,992874.05147264
Thierry,Yvars,93813d0b-28cd-43a4-bf1a-21f84ed4b8fe,Opera/9.80 (Macintosh; Intel Mac OS X 10.6.8; U; fr) Presto/2.9.168 Version/11.52,Parmentier LLC,martine_nulla@hotmail.fr,Amandine Court,Gerard bury,Ohio,50590-1401,CF,121,582711.6926521033
William,Truchot,269d6e31-13e1-4b1b-a8e8-d057fed97c5a,"Mozilla/5.0 (Windows; U; Windows NT 6.0; en-US) AppleWebKit/533.20.25 (KHTML, like Gecko) Version/5.0.4 Safari/533.20.27",Ogier Group,ingrid_ut@outlook.fr,Victor Ways,Kléber borough,Indiana,93502,BS,198,964635.0376390562
Elodie,Hénaut,de639e1b-a2bf-4742-b5ca-c76a5fa8416c,"Mozilla/5.0 (iPhone; U; CPU iPhone OS 4_2_1 like Mac OS X; nb-no) AppleWebKit/533.17.9 (KHTML, like Gecko) Version/5.0.2 Mobile/8C148a Safari/6533.18.5",Zola and Kléber and Sons,nicolas_optio@outlook.fr,Quentin Place,Lombard mouth,Arizona,74907-8363,AI,124,123977.45472089783
Régis,Kléber,7b7603ad-4c63-45b4-8b6a-a3d037fff45c,Mozilla/5.0 (Windows NT 6.1; WOW64; Trident/7.0; AS; rv:11.0) like Gecko,Walliand Inc,amandine_consequuntur@hotmail.fr,Martin Falls,Zola chester,Mississippi,15140-2633,SX,3,589773.3292999732
Nicolas,Janel,27e5e4b2-ef82-4cc0-9679-05afbd0c3850,"Mozilla/5.0 (iPhone; U; CPU iPhone OS 4_2_1 like Mac OS X; nb-no) AppleWebKit/533.17.9 (KHTML, like Gecko) Version/5.0.2 Mobile/8C148a Safari/6533.18.5",Niels and Sons,quentin_aspernatur@free.fr,Aubry Trace,Aubry haven,Nebraska,93089-2166,HN,111,270565.60159149766
Xavier,Ferry,6bde257e-e4e3-461a-adaa-ccca3bfb34d3,"Mozilla/5.0 (Windows; U; Windows NT 6.0; en-US) AppleWebKit/533.20.25 (KHTML, like Gecko) Version/5.0.4 Safari/533.20.27",Geneau Inc,victor_maiores@orange.fr,Niels Street,Aubry mouth,Montana,03013,TJ,149,816822.6415421665
Béatrice,Yvars,e4947c69-e485-4c99-ab81-210ff2a59583,"Mozilla/5.0 (Linux; U; Android 2.3; en-us) AppleWebKit/999+ (KHTML, like Gecko) Safari/999.9",Kléber and Cannet Group,céline_eveniet@orange.fr,Barbier Inlet,Céline berg,New Jersey,34607-0246,GM,145,920590.0582188017
Martine,Cannet,4f2b9e12-4d11-481d-aa4f-a9eb77f01eb4,Opera/9.80 (Macintosh; Intel Mac OS X 10.6.8; U; fr) Presto/2.9.168 Version/11.52,Ogier Group,pascal_nulla@hotmail.fr,Yann Road,Ferry borough,Vermont,87714,KE,174,738712.8689009572
Régis,Truchot,e6760e49-34ec-4cb6-bc0e-56904d636c71,"Mozilla/5.0 (iPhone; U; CPU iPhone OS 4_2_1 like Mac OS X; nb-no) AppleWebKit/533.17.9 (KHTML, like Gecko) Version/5.0.2 Mobile/8C148a Safari/6533.18.5",Barbier LLC,céline_laborum@outlook.fr,Léopold Trail,Damien chester,New York,71291-1457,EH,102,287898.74890212406
Béatrice,Évrat,6130aacc-4a54-4473-88ca-5598969a4068,"Mozilla/5.0 (Macintosh; Intel Mac OS X 10_9_2) AppleWebKit/537.36 (KHTML, like Gecko) Chrome/36.0.1944.0 Safari/537.36",Évrat and Ogier and Sons,william_sit@free.fr,Régis Shoal,William borough,Indiana,36830,SY,28,527470.5002217797
Ugo,Dupond,de609852-bf87-4caa-ae00-15e0dec4ab91,"Mozilla/5.0 (iPad; CPU OS 5_1 like Mac OS X) AppleWebKit/534.46 (KHTML, like Gecko ) Version/5.1 Mobile/9B176 Safari/7534.48.3",Zola and Hénaut Group,ugo_provident@outlook.fr,Lombard Crossing,Urbain burgh,Massachusetts,93237,HK,184,199703.39600793706
Salomé,Yvars,b6a46cb6-0325-42f6-beb4-af2a709e7df3,"Mozilla/5.0 (Windows; U; Windows NT 6.0; en-US) AppleWebKit/533.20.25 (KHTML, like Gecko) Version/5.0.4 Safari/533.20.27",Urbain Inc,quentin_incidunt@orange.fr,Quesada Ranch,Niels haven,Indiana,71608-2575,DE,69,3166.3948660176634
Xavier,Ogier,5d507de0-ea3e-4daa-b8d0-cf592a408787,Mozilla/5.0 (Windows; U; MSIE 9.0; WIndows NT 9.0; en-US)),Lombard Group,xavier_accusantium@laposte.fr,Pascal Courts,Ferry shire,New Hampshire,50001-3273,AT,129,70545.4993482213
Quentin,Martin,072b8e36-aaa7-4871-bc31-71624f19d142,"Mozilla/5.0 (Linux; U; Android 2.3; en-us) AppleWebKit/999+ (KHTML, like Gecko) Safari/999.9",Parmentier and Janel LLC,régis_deleniti@orange.fr,Pascal Lakes,Janel port,Mississippi,89254-5606,CV,68,354455.5366562108
Béatrice,Xharde,97a7d04f-a59b-49fb-b35e-70328a3b38ae,Opera/9.80 (X11; Linux i686; U; es-ES) Presto/2.8.131 Version/11.11,Ivanov and Martin LLC,ingrid_aut@laposte.fr,Aubry Circles,Parmentier berg,Georgia,94462-5954,WS,93,859610.3611614933
Salomé,Cannet,dd6efe39-2cf9-4545-9844-8c6309c16740,Opera/9.80 (Windows NT 6.0) Presto/2.12.388 Version/12.14,Janel and Ferry Inc,elodie_exercitationem@outlook.fr,Karim Mills,Jérémie chester,Washington,63669-4295,KR,3,403696.62308787246
Quentin,Parmentier,f3075010-9504-43e8-bb91-00ff3c39e99c,Mozilla/5.0 (Windows NT 6.1; WOW64; Trident/7.0; AS; rv:11.0) like Gecko,Geneau Inc,gerard_similique@outlook.fr,Zoé Flat,Port Yann Cannet berg,Wisconsin,57932-8991,CI,35,611284.2738300122
Ingrid,Lombard,541e8c37-a489-4528-bdb3-e8c179a13f67,"Mozilla/5.0 (Macintosh; Intel Mac OS X 10_9_2) AppleWebKit/537.36 (KHTML, like Gecko) Chrome/36.0.1944.0 Safari/537.36",Janel Inc,régis_quia@sfr.fr,Niels Loop,Amandine borough,Oklahoma,09067,LS,15,173898.2956319932
William,Ogier,cb171931-955c-47f6-bbef-da8b1294251f,"Mozilla/5.0 (iPad; CPU OS 5_1 like Mac OS X) AppleWebKit/534.46 (KHTML, like Gecko ) Version/5.1 Mobile/9B176 Safari/7534.48.3",Zola and Sons,océane_facilis@hotmail.fr,Jérémie Bypass,New Amandine Hénaut land,Washington,69409,CM,133,457181.34319042345
Océane,Barbier,2c5eeccf-ba4c-45dd-b345-f876ac3be782,"Mozilla/5.0 (Linux; U; Android 4.0.3; ko-kr; LG-L160L Build/IML74K) AppleWebkit/534.30 (KHTML, like Gecko) Version/4.0 Mobile Safari/534.30",Parmentier and Hénaut Inc,xavier_porro@sfr.fr,Nicolas Street,North Salomé Ivanov haven,North Carolina,87671,TZ,122,304084.00723673525
Quentin,Cannet,2fcca6de-a2eb-4178-9f7f-967e563cd346,"Mozilla/5.0 (Windows NT 10.0; Win64; x64) AppleWebKit/537.36 (KHTML, like Gecko) Chrome/42.0.2311.135 Safari/537.36 Edge/12.246",Cannet Group,ugo_quia@sfr.fr,Ugo Lake,Ferry burgh,Connecticut,98346,BL,117,500111.60428037104
